fase,repeticao,ordem,modo,threads_solicitadas,threads_efetivas,objetos,tempo_s,wall_s
aquecimento,1,1,sequencial,0,0,7909,0.028902804,0.04823047100000366
aquecimento,1,2,paralelo,2,2,7909,0.022950781,0.04205725300000296
aquecimento,1,3,paralelo,4,4,7909,0.019082874,0.038266905000000406
aquecimento,1,4,paralelo,8,8,7909,0.017315884,0.03625826799999743
medicao,1,1,sequencial,0,0,7909,0.026701345,0.04547982300000086
medicao,1,2,paralelo,2,2,7909,0.016582599,0.03527620599999892
medicao,1,3,paralelo,4,4,7909,0.014567229,0.03338352700000513
medicao,1,4,paralelo,8,8,7909,0.01186043,0.030752632999998752
medicao,2,1,paralelo,8,8,7909,0.010836483,0.029809234000005347
medicao,2,2,paralelo,4,4,7909,0.010588097,0.029619908999997335
medicao,2,3,paralelo,2,2,7909,0.01502086,0.03392725699999488
medicao,2,4,sequencial,0,0,7909,0.026534012,0.045564290000001506
medicao,3,1,sequencial,0,0,7909,0.025305388,0.04418941299999801
medicao,3,2,paralelo,2,2,7909,0.017437582,0.03618082300000225
medicao,3,3,paralelo,4,4,7909,0.010390507,0.029334824999999398
medicao,3,4,paralelo,8,8,7909,0.012298876,0.03137058200000098
medicao,4,1,paralelo,8,8,7909,0.013543179,0.03271703800000125
medicao,4,2,paralelo,4,4,7909,0.012355177,0.034060626999995236
medicao,4,3,paralelo,2,2,7909,0.014524369,0.0335983000000013
medicao,4,4,sequencial,0,0,7909,0.026225763,0.04518213400000093
medicao,5,1,sequencial,0,0,7909,0.02563714,0.0447786679999993
medicao,5,2,paralelo,2,2,7909,0.015177855,0.035414576000000864
medicao,5,3,paralelo,4,4,7909,0.012257063,0.03349887299999921
medicao,5,4,paralelo,8,8,7909,0.013684584,0.03272668500000009
